Via,Nombre,Camion_T2,Camion_T3,Camion_T4,Camion_T5,Camion_T6,Camion_T7,Camion_T8,Camion_T9
,NOMBRE,T2,T3,T4,T5,T6,T7,T8,T9
MEXICO-PUEBLA,CHALCO,46.00,46.00,74.00,74.00,114.00,114.00,114.00,114.00
MEXICO-PUEBLA,IXTAPALUCA,46.00,46.00,74.00,74.00,116.00,116.00,116.00,116.00
MEXICO-PUEBLA,SAN MARCOS,306.00,306.00,628.00,628.00,860.00,860.00,860.00,860.00
MEXICO-PUEBLA,S. MARTIN PUE,117.00,117.00,238.00,238.00,334.00,334.00,334.00,334.00
LIBRAMIENTO AMECAMECA-NEPANTLA,OZUMBA,100.00,100.00,100.00,137.00,137.00,192.00,192.00,192.00
SAN MARTÍN TEXMELUCAN-TLAXCALA,SAN MARTÍN TEXMELUCAN-VIAPASS,184.00,218.00,218.00,335.00,335.00,448.00,448.00,448.00
JANTETELCO - EL HIGUERON,EL HIGUERON,468.00,468.00,468.00,764.00,764.00,934.00,934.00,934.00
JANTETELCO - EL HIGUERON,EL HIGUERON,250.00,250.00,250.00,408.00,408.00,497.00,497.00,497.00
JANTETELCO - EL HIGUERON,EL HIGUERON,218.00,218.00,218.00,358.00,358.00,436.00,436.00,436.00
PUEBLA-ACATZINGO,AMOZOC,171.00,171.00,328.00,328.00,438.00,438.00,438.00,438.00
PUEBLA-ACATZINGO,AMOZOC,87.00,87.00,164.00,164.00,230.00,230.00,230.00,230.00
ACATZINGO-CD. MENDOZA,ESPERANZA,352.00,352.00,680.00,680.00,990.00,990.00,990.00,990.00
ACATZINGO-CD. MENDOZA,ESPERANZA,184.00,184.00,339.00,339.00,495.00,495.00,495.00,495.00
CORDOBA-VERACRUZ,CUITLAHUAC,178.00,178.00,178.00,253.00,253.00,266.00,266.00,266.00
CORDOBA-VERACRUZ,CUITLAHUAC,120.00,120.00,120.00,168.00,168.00,165.00,165.00,165.00
CORDOBA-VERACRUZ,CUITLAHUAC,57.00,57.00,57.00,85.00,85.00,82.00,82.00,82.00
CORDOBA-VERACRUZ,PASO DEL TORO,203.00,203.00,203.00,263.00,263.00,307.00,307.00,307.00
CORDOBA-VERACRUZ,PASO DEL TORO,165.00,165.00,165.00,222.00,222.00,253.00,253.00,253.00
CORDOBA-VERACRUZ,PASO DEL TORO,36.00,36.00,36.00,43.00,43.00,48.00,48.00,48.00
TEHUACAN-OAXACA,TEHUACAN,124.00,124.00,155.00,155.00,243.00,243.00,243.00,243.00
TEHUACAN-OAXACA,MIAHUATLAN,64.00,64.00,90.00,90.00,133.00,133.00,133.00,133.00
TEHUACAN-OAXACA,SUCHIXTLAHUACA,198.00,198.00,241.00,241.00,336.00,336.00,336.00,336.00
TEHUACAN-OAXACA,SUCHIXTLAHUACA,97.00,97.00,116.00,116.00,167.00,167.00,167.00,167.00
TEHUACAN-OAXACA,HUITZO,250.00,250.00,291.00,291.00,453.00,453.00,453.00,453.00
TEHUACAN-OAXACA,HUITZO,190.00,190.00,241.00,241.00,301.00,301.00,301.00,301.00
TEHUACAN-OAXACA,HUITZO,58.00,58.00,85.00,85.00,118.00,118.00,118.00,118.00
BARRANCA LARGA-VENTANILLA,BARRANCA LARGA,468.00,468.00,468.00,702.00,702.00,1053.00,1053.00,1053.00
BARRANCA LARGA-VENTANILLA,VENTANILLA,468.00,468.00,468.00,702.00,702.00,1053.00,1053.00,1053.00
LA TINAJA-COSOLEACAQUE,COSAMALOAPAN,348.00,348.00,348.00,512.00,512.00,590.00,590.00,590.00
LA TINAJA-COSOLEACAQUE,COSAMALOAPAN,330.00,330.00,330.00,414.00,414.00,413.00,413.00,413.00
LA TINAJA-COSOLEACAQUE,COSAMALOAPAN,87.00,87.00,87.00,97.00,97.00,92.00,92.00,92.00
LA TINAJA-COSOLEACAQUE,ACAYUCAN (SAYULA),320.00,320.00,320.00,495.00,495.00,544.00,544.00,544.00
LA TINAJA-COSOLEACAQUE,ACAYUCAN (SAYULA),224.00,224.00,224.00,291.00,291.00,279.00,279.00,279.00
LA TINAJA-COSOLEACAQUE,ACAYUCAN (SAYULA),147.00,147.00,147.00,205.00,205.00,180.00,180.00,180.00
TÚNEL COATZACOALCOS,ALLENDE,86.00,86.00,175.00,175.00,254.00,254.00,254.00,254.00
MITLA-TEHUANTEPEC,MITLA,432.00,432.00,432.00,681.00,681.00,809.00,809.00,809.00
MITLA-TEHUANTEPEC,MITLA,402.00,402.00,402.00,634.00,634.00,753.00,753.00,753.00
MITLA-TEHUANTEPEC,TEHUANTEPEC II,288.00,288.00,288.00,454.00,454.00,539.00,539.00,539.00
SALINA CRUZ-LA VENTOSA,TEHUANTEPEC,90.00,90.00,131.00,131.00,164.00,164.00,164.00,164.00
SALINA CRUZ-LA VENTOSA,IXTEPEC,177.00,177.00,256.00,256.00,328.00,328.00,328.00,328.00
SALINA CRUZ-LA VENTOSA,IXTEPEC,90.00,90.00,131.00,131.00,164.00,164.00,164.00,164.00
PUENTE NACIONAL ALVARADO,ALVARADO,47.00,47.00,100.00,100.00,146.00,146.00,146.00,146.00
PUENTE NACIONAL TLACOTLALPAN,TLACOTALPAN,47.00,47.00,100.00,100.00,146.00,146.00,146.00,146.00
PUENTE NACIONAL CARACOL,CARACOL,47.00,47.00,100.00,100.00,146.00,146.00,146.00,146.00
PUENTE NACIONAL PAPALOAPAN,PAPALOAPAN,47.00,47.00,100.00,100.00,146.00,146.00,146.00,146.00
PUENTA NACIONAL DOVALI,DOVALI,40.00,40.00,70.00,70.00,108.00,108.00,108.00,108.00
AMOZOC-PEROTE,AMOZOC-PEROTE (AMOZOC),164.00,168.00,197.00,232.00,249.00,315.00,315.00,315.00
AMOZOC-PEROTE,AMOZOC-PEROTE (CUAPIAXTLA),199.00,204.00,213.00,261.00,261.00,365.00,365.00,365.00
AMOZOC-PEROTE,AMOZOC-PEROTE (CUAPIAXTLA),63.00,67.00,72.00,82.00,82.00,124.00,124.00,124.00
AMOZOC-PEROTE,AMOZOC-PEROTE (CUAPIAXTLA),136.00,137.00,141.00,179.00,179.00,241.00,241.00,241.00
AMOZOC-PEROTE,AMOZOC-PEROTE (CANTONA),293.00,298.00,305.00,382.00,382.00,542.00,542.00,542.00
AMOZOC-PEROTE,AMOZOC-PEROTE (CANTONA),102.00,106.00,110.00,146.00,146.00,198.00,198.00,198.00
AMOZOC-PEROTE,AMOZOC-PEROTE (CANTONA),191.00,192.00,195.00,236.00,236.00,344.00,344.00,344.00
AMOZOC-PEROTE,AMOZOC-PEROTE (PEROTE),91.00,93.00,100.00,133.00,133.00,167.00,167.00,167.00
AMOZOC-PEROTE,AMOZOC-PEROTE (AUDI),44.00,46.00,49.00,56.00,56.00,90.00,90.00,90.00
AMOZOC-PEROTE,AMOZOC-PEROTE (AUDI CUAPIAXTLA A1 Y A2),155.00,158.00,164.00,205.00,205.00,275.00,275.00,275.00
,NOMBRE,T2,T3,T4,T5,T6,T7,T8,T9
AMOZOC-PEROTE,AMOZOC-PEROTE (AUDI CUAPIAXTLA),20.00,21.00,23.00,26.00,26.00,34.00,34.00,34.00
PEROTE-BANDERILLA,LAS VIGAS,245.00,245.00,245.00,330.00,458.00,649.00,649.00,649.00
LIBRAMIENTO XALAPA,MIRADORES,372.00,372.00,372.00,472.00,604.00,659.00,659.00,659.00
CARDEL-VERACRUZ,ANTIGUA,125.00,125.00,125.00,300.00,300.00,431.00,431.00,431.00
SAN JULIÁN-VERACRUZ,SAN JULIAN,64.00,64.00,64.00,119.00,119.00,143.00,143.00,143.00
LIBRAMIENTO PLAN DEL RIO,PLAN DEL RIO,104.00,104.00,104.00,221.00,221.00,258.00,258.00,258.00
PUENTE NACIONAL NAUTLA,NAUTLA,47.00,47.00,100.00,100.00,146.00,146.00,146.00,146.00
LAS CHOAPAS-OCOZOCOAUTLA,LAS CHOAPAS,153.00,153.00,153.00,241.00,241.00,330.00,330.00,330.00
LAS CHOAPAS-OCOZOCOAUTLA,LAS CHOAPAS,134.00,134.00,134.00,183.00,183.00,216.00,216.00,216.00
LAS CHOAPAS-OCOZOCOAUTLA,MALPASITO,153.00,153.00,153.00,241.00,241.00,330.00,330.00,330.00
LAS CHOAPAS-OCOZOCOAUTLA,MALPASITO,96.00,96.00,96.00,129.00,129.00,147.00,147.00,147.00
LAS CHOAPAS-OCOZOCOAUTLA,MALPASITO,87.00,87.00,87.00,114.00,114.00,141.00,141.00,141.00
LAS CHOAPAS-OCOZOCOAUTLA,OCOZOCOAUTLA (OCUILAPA),153.00,153.00,153.00,241.00,241.00,330.00,330.00,330.00
TUXTLA GUTIERREZ-SAN CRISTOBAL DE LAS C,CHIAPA DE CORZO VIAPASS,185.00,185.00,185.00,280.00,280.00,400.00,400.00,400.00
ARRIAGA - OCOZOCOAUTLA,ARRIAGA VIAPASS,95.00,95.00,95.00,165.00,165.00,225.00,225.00,225.00
ARRIAGA - OCOZOCOAUTLA,COITA VIAPASS,185.00,185.00,185.00,315.00,315.00,435.00,435.00,435.00
ARRIAGA - OCOZOCOAUTLA,JIQUIPILAS,105.00,105.00,105.00,175.00,175.00,235.00,235.00,235.00
AGUA DULCE-CARDENAS,SANCHEZ MAGALLANES,161.00,161.00,161.00,262.00,262.00,327.00,327.00,327.00
AGUA DULCE-CARDENAS,SANCHEZ MAGALLANES,97.00,97.00,97.00,133.00,133.00,141.00,141.00,141.00
AGUA DULCE-CARDENAS,SANCHEZ MAGALLANES,97.00,97.00,97.00,133.00,133.00,141.00,141.00,141.00
LIBRAMIENTO DE VILLAHERMOSA,NACAJUCA,180.00,180.00,180.00,210.00,210.00,210.00,210.00,210.00
LIBRAMIENTO DE VILLAHERMOSA,NACAJUCA,95.00,95.00,95.00,113.00,113.00,113.00,113.00,113.00
LIBRAMIENTO DE VILLAHERMOSA,NACAJUCA,85.00,85.00,85.00,97.00,97.00,97.00,97.00,97.00
PUENTE NACIONAL GRIJALVA,GRIJALVA,47.00,47.00,100.00,100.00,146.00,146.00,146.00,146.00
PUENTE NACIONAL USUMACINTA,USUMACINTA,47.00,47.00,100.00,100.00,146.00,146.00,146.00,146.00
ZACATAL-CIUDAD DEL CARMEN,ZACATAL,229.00,229.00,229.00,371.00,371.00,462.00,462.00,462.00
CHAMPOTON-CAMPECHE,LA SEYBA,147.00,147.00,147.00,253.00,253.00,306.00,306.00,306.00
CHAMPOTON-CAMPECHE,LA SEYBA,97.00,97.00,97.00,165.00,165.00,180.00,180.00,180.00
CHAMPOTON-CAMPECHE,LA SEYBA,46.00,46.00,46.00,90.00,90.00,92.00,92.00,92.00
CIRCUITO EXTERIOR MEXIQUENSE,CTO. EXT. MEXIQUENSE -T0 JOROBAS,208.00,208.00,208.00,351.00,351.00,517.00,517.00,517.00
CIRCUITO EXTERIOR MEXIQUENSE,CTO. EXT. MEXIQUENSE -T1 TULTEPEC,259.00,259.00,259.00,437.00,437.00,645.00,645.00,645.00
CIRCUITO EXTERIOR MEXIQUENSE,CTO. EXT. MEXIQUENSE -T2 CONMEX,184.00,184.00,184.00,311.00,311.00,458.00,458.00,458.00
CIRCUITO EXTERIOR MEXIQUENSE,CTO. EXT. MEXIQUENSE -T3 NABOR CARRILLO (P,115.00,115.00,115.00,195.00,195.00,287.00,287.00,287.00
CIRCUITO EXTERIOR MEXIQUENSE,CTO. EXT. MEXIQUENSE -T3 NABOR CARRILLO (B,81.00,81.00,81.00,136.00,136.00,201.00,201.00,201.00
CIRCUITO EXTERIOR MEXIQUENSE,CTO. EXT. MEXIQUENSE -T4 CHALCO,266.00,266.00,266.00,450.00,450.00,663.00,663.00,663.00
CIRCUITO EXTERIOR MEXIQUENSE,CTO. EXT. MEXIQUENSE A-1A - A-1B HUEHUETO,200.00,200.00,200.00,338.00,338.00,498.00,498.00,498.00
CIRCUITO EXTERIOR MEXIQUENSE,CTO. EXT. MEXIQUENSE A-2 / A-5 HANK GLEZ.,48.00,48.00,48.00,81.00,81.00,120.00,120.00,120.00
CIRCUITO EXTERIOR MEXIQUENSE,"CTO. EXT. MEXIQUENSE A-6, A-7 PERIFÉRICO",62.00,62.00,62.00,105.00,105.00,154.00,154.00,154.00
CIRCUITO EXTERIOR MEXIQUENSE,CTO. EXT. MEXIQUENSE A-8 (PICHARDO),59.00,59.00,59.00,100.00,100.00,147.00,147.00,147.00
CIRCUITO EXTERIOR MEXIQUENSE,CTO. EXT. MEXIQUENSE A-9 CTM,26.00,26.00,26.00,44.00,44.00,65.00,65.00,65.00
CIRCUITO EXTERIOR MEXIQUENSE,CTO. EXT. MEXIQUENSE T1 JALTENCO,134.00,134.00,134.00,226.00,226.00,333.00,333.00,333.00
CIRCUITO EXTERIOR MEXIQUENSE,CTO. EXT. MEXIQUENSE A-3 A PACHUCA,18.00,18.00,18.00,31.00,31.00,46.00,46.00,46.00
CIRCUITO EXTERIOR MEXIQUENSE,CTO. EXT. MEXIQUENSE A-4 PACHUCA,18.00,18.00,18.00,31.00,31.00,46.00,46.00,46.00
CIRCUITO EXTERIOR MEXIQUENSE,CTO. EXT. MEXIQUENSE A-21 - A-22 B. XOCHIAC,76.00,76.00,76.00,129.00,129.00,190.00,190.00,190.00
CIRCUITO EXTERIOR MEXIQUENSE,CTO. EXT. MEXIQUENSE T-7 - TEXCOCO,113.00,113.00,113.00,190.00,190.00,281.00,281.00,281.00
CIRCUITO EXTERIOR MEXIQUENSE,CTO. EXT. MEXIQUENSE A-27 SAN BUENA VENT,248.00,248.00,248.00,419.00,419.00,617.00,617.00,617.00
CIRCUITO EXTERIOR MEXIQUENSE,CTO. EXT. MEXIQUENSE A-28 SAN BUENA VENT,27.00,27.00,27.00,46.00,46.00,68.00,68.00,68.00
CIRCUITO EXTERIOR MEXIQUENSE,CTO. EXT. MEXIQUENSE A-31 - A-32 ENT. TULTE,215.00,215.00,215.00,364.00,364.00,536.00,536.00,536.00
CIRCUITO EXTERIOR MEXIQUENSE,CTO. EXT. MEXIQUENSE A-34 - A-36 V. MEXIQUE,57.00,57.00,57.00,95.00,95.00,141.00,141.00,141.00
CIRCUITO EXTERIOR MEXIQUENSE,CTO. EXT. MEXIQUENSE A-33 Y A-35 (AUXILIAR,38.00,38.00,38.00,65.00,65.00,95.00,95.00,95.00
CIRCUITO EXTERIOR MEXIQUENSE,CTO. EXT. MEXIQUENSE T-5 TULTITLÁN,95.00,95.00,95.00,160.00,160.00,236.00,236.00,236.00
CIRCUITO EXTERIOR MEXIQUENSE,CTO. EXT. MEXIQUENSE T6 CUAUTITLÁN-(SAN,68.00,68.00,68.00,115.00,115.00,170.00,170.00,170.00
CIRCUITO EXTERIOR MEXIQUENSE,CTO. EXT. MEXIQUENSE AIFA T-5 D.S.I.,220.00,220.00,220.00,371.00,371.00,547.00,547.00,547.00
CIRCUITO EXTERIOR MEXIQUENSE,CTO. EXT. MEXIQUENSE AIFA A-35 D.S.I.,163.00,163.00,163.00,276.00,276.00,407.00,407.00,407.00
MÉXICO-PACHUCA,ECATEPEC (SAN CRISTOBAL),47.00,47.00,97.00,97.00,133.00,133.00,133.00,133.00
MÉXICO-PACHUCA,REVOLUCIÓN,60.00,60.00,125.00,125.00,166.00,166.00,166.00,166.00
MÉXICO-PACHUCA,REVOLUCIÓN,78.00,78.00,143.00,156.00,197.00,212.00,212.00,212.00
MÉXICO-PACHUCA,TIZAYUCA (OJO DE AGUA),137.00,137.00,276.00,276.00,418.00,418.00,418.00,418.00
MÉXICO-PACHUCA,ENTRONQUE OJO DE AGUA,80.00,80.00,165.00,165.00,249.00,249.00,249.00,249.00
ECATEPEC-PIRÁMIDES,ECATEPEC VIAPASS,210.00,308.00,415.00,514.00,624.00,724.00,828.00,930.00
ECATEPEC-PIRÁMIDES,TEPEXPAN VIAPASS,77.00,118.00,152.00,194.00,231.00,268.00,308.00,349.00
PIRÁMIDES-TEXCOCO,TEZOYUCA VIAPASS,41.00,63.00,84.00,104.00,126.00,146.00,166.00,188.00
PIRÁMIDES-TEXCOCO,NABOR CARRILLLO,204.00,264.00,326.00,426.00,493.00,593.00,651.00,711.00
PIRÁMIDES-TEXCOCO,NABOR CARRILLLO,83.00,143.00,205.00,241.00,308.00,350.00,408.00,468.00
PIRÁMIDES-TEXCOCO,NABOR CARRILLLO,44.00,104.00,166.00,182.00,249.00,271.00,329.00,389.00
,NOMBRE,T2,T3,T4,T5,T6,T7,T8,T9
PEÑON-TEXCOCO,PEÑON,121.00,121.00,121.00,185.00,185.00,243.00,243.00,243.00
PEÑON-TEXCOCO,TEXCOCO,121.00,121.00,121.00,185.00,185.00,243.00,243.00,243.00
PEÑON-TEXCOCO,ENT. PEÑON,94.00,94.00,94.00,140.00,140.00,186.00,186.00,186.00
LIBRAMIENTO TULANCINGO-NUEVO NECAXA,TEJOCOTAL,162.00,162.00,193.00,193.00,262.00,262.00,262.00,262.00
LIBRAMIENTO TULANCINGO-NUEVO NECAXA,TEJOCOTAL,104.00,104.00,124.00,124.00,163.00,163.00,163.00,163.00
LIBRAMIENTO TULANCINGO-NUEVO NECAXA,TEJOCOTAL,51.00,51.00,65.00,65.00,80.00,80.00,80.00,80.00
LIBRAMIENTO TULANCINGO-NUEVO NECAXA,NUEVO NECAXA,51.00,51.00,59.00,59.00,80.00,80.00,80.00,80.00
AVILA CAMACHO - TIHUATLAN,EL PIÑAL,297.00,297.00,297.00,572.00,572.00,678.00,678.00,678.00
AVILA CAMACHO - TIHUATLAN,MIAHUAPAN,297.00,297.00,297.00,572.00,572.00,678.00,678.00,678.00
TIHUATLAN-TUXPAN,TUXPAN,126.00,126.00,249.00,249.00,368.00,368.00,368.00,368.00
TIHUATLAN-TUXPAN,TIHUATLAN,15.00,15.00,30.00,30.00,43.00,43.00,43.00,43.00
TUXPAN-TAMPICO,NARANJOS,378.00,378.00,378.00,565.00,565.00,651.00,651.00,651.00
TUXPAN-TAMPICO,NARANJOS,794.00,794.00,794.00,1189.00,1189.00,1369.00,1369.00,1369.00
TUXPAN-TAMPICO,NARANJOS,416.00,416.00,416.00,624.00,624.00,718.00,718.00,718.00
TUXPAN- TAMPICO,LOS GIL,97.00,97.00,97.00,145.00,145.00,165.00,165.00,165.00
TIHUATLAN-GUTIERREZ ZAMORA,TOTOMOXTLE,98.00,98.00,98.00,166.00,166.00,220.00,220.00,220.00
TUXPAN-CARDEL,TOTOMOXTLE II,98.00,98.00,98.00,166.00,166.00,220.00,220.00,220.00
TUXPAN-CARDEL,TOTOMOXTLE II,423.00,423.00,423.00,634.00,634.00,731.00,731.00,731.00
CARDEL,TOTOMOXTLE II,521.00,521.00,521.00,800.00,800.00,951.00,951.00,951.00
TUXPAN-CARDEL,VEGA DE ALATORRE,269.00,269.00,269.00,403.00,403.00,464.00,464.00,464.00
TUXPAN-CARDEL,VEGA DE ALATORRE,668.00,668.00,668.00,1001.00,1001.00,1154.00,1154.00,1154.00
TUXPAN-CARDEL,VEGA DE ALATORRE,399.00,399.00,399.00,598.00,598.00,691.00,691.00,691.00
PUENTE NACIONAL TECOLUTLA,TECOLUTLA,45.00,45.00,96.00,96.00,146.00,146.00,146.00,146.00
LIBRAMIENTO PONIENTE DE TAMPICO,LIB. PNTE. TAMPICO,64.00,64.00,64.00,116.00,116.00,141.00,141.00,141.00
LIBRAMIENTO PONIENTE DE TAMPICO,LIB. PNTE. TAMPICO,36.00,36.00,36.00,58.00,58.00,68.00,68.00,68.00
LIBRAMIENTO PONIENTE DE TAMPICO,LIB. PNTE. TAMPICO,39.00,39.00,39.00,58.00,58.00,70.00,70.00,70.00
PUENTE NACIONAL PANUCO,TAMPICO,82.00,82.00,151.00,151.00,210.00,210.00,210.00,210.00
PUENTE NACIONAL TAMPICO,PANUCO,44.00,44.00,89.00,89.00,122.00,122.00,122.00,122.00
MEXICO-QUERETARO,TEPOTZOTLAN,234.00,471.00,471.00,678.00,678.00,678.00,678.00,54.00
MEXICO-QUERETARO,JOROBAS,128.00,254.00,254.00,364.00,364.00,364.00,364.00,36.00
MEXICO-QUERETARO,PALMILLAS,219.00,440.00,440.00,641.00,641.00,641.00,641.00,54.00
MEXICO-QUERETARO,PALMILLAS BIS,219.00,440.00,440.00,641.00,641.00,641.00,641.00,54.00
MEXICO-QUERETARO,POLOTITLAN,192.00,379.00,379.00,532.00,532.00,532.00,532.00,49.00
QUERETARO-IRAPUATO,QUERÉTARO,197.00,197.00,387.00,387.00,544.00,544.00,544.00,544.00
QUERETARO-IRAPUATO,LIB. SUR PTE. QRO.,178.00,178.00,345.00,345.00,486.00,486.00,486.00,486.00
QUERETARO-IRAPUATO,LIB. SUR PTE. QRO.,14.00,14.00,14.00,14.00,14.00,14.00,14.00,14.00
LIBRAMIENTO DE CELAYA,CRESPO,62.00,62.00,62.00,99.00,99.00,149.00,149.00,149.00
LIBRAMIENTO DE CELAYA,LAJA,49.00,49.00,49.00,78.00,78.00,119.00,119.00,119.00
LIBRAMIENTO DE CELAYA,SAN MIGUEL,67.00,67.00,67.00,112.00,112.00,159.00,159.00,159.00
QUERETARO-IRAPUATO,VILLAGRAN,72.00,72.00,143.00,143.00,205.00,205.00,205.00,205.00
QUERETARO-IRAPUATO,CERRO GORDO,122.00,122.00,212.00,212.00,312.00,312.00,312.00,312.00
QUERETARO-IRAPUATO,CERRO GORDO,101.00,101.00,179.00,179.00,275.00,275.00,275.00,275.00
QUERETARO-IRAPUATO,CERRO GORDO,39.00,39.00,95.00,95.00,109.00,109.00,109.00,109.00
QUERETARO-IRAPUATO,SALAMANCA,211.00,211.00,389.00,389.00,571.00,571.00,571.00,571.00
QUERETARO-IRAPUATO,SALAMANCA,155.00,155.00,301.00,301.00,406.00,406.00,406.00,406.00
QUERETARO-IRAPUATO,SALAMANCA,72.00,72.00,116.00,116.00,171.00,171.00,171.00,171.00
LIBRAMIENTO NORPONIENTE DE IRAPUATO,ARANDAS,122.00,122.00,122.00,182.00,182.00,246.00,246.00,246.00
LIBRAMIENTO NORPONIENTE DE IRAPUATO,YOSTIRO,62.00,62.00,62.00,95.00,95.00,124.00,124.00,124.00
SALAMANCA-LEON,MENDOZA,136.00,136.00,136.00,185.00,185.00,247.00,247.00,247.00
SALAMANCA-LEON,PUERTO INTERIOR,207.00,207.00,207.00,282.00,282.00,376.00,376.00,376.00
LIBRAMIENTO SILAO,SILAO,69.00,69.00,116.00,116.00,183.00,183.00,183.00,183.00
GUANAJUATO-SILAO,CERVERA,69.00,69.00,116.00,116.00,183.00,183.00,183.00,183.00
LIBRAMIENTO SILAO,AGUAS BUENAS,52.00,52.00,52.00,71.00,71.00,84.00,84.00,84.00
LEÓN-AGUASCALIENTES,LEON,291.00,291.00,291.00,411.00,411.00,488.00,488.00,488.00
LEÓN-AGUASCALIENTES,LEON,108.00,108.00,108.00,157.00,157.00,186.00,186.00,186.00
LEÓN-AGUASCALIENTES,LEON,87.00,87.00,87.00,131.00,131.00,163.00,163.00,163.00
LEÓN-AGUASCALIENTES,LEON,75.00,75.00,75.00,107.00,107.00,125.00,125.00,125.00
LEÓN-AGUASCALIENTES,LEON,72.00,72.00,72.00,105.00,105.00,127.00,127.00,127.00
LEÓN-AGUASCALIENTES,LEON,58.00,58.00,58.00,85.00,85.00,104.00,104.00,104.00
LEÓN-AGUASCALIENTES,LEON,33.00,33.00,33.00,48.00,48.00,56.00,56.00,56.00
LEÓN-AGUASCALIENTES,ENCARNACIÓN DE DIAZ,291.00,291.00,291.00,417.00,417.00,494.00,494.00,494.00
LEÓN-AGUASCALIENTES,ENCARNACIÓN DE DIAZ,127.00,127.00,127.00,178.00,178.00,204.00,204.00,204.00
LIBRAMIENTO AGUASCALIENTES,CHICHIMECO,155.00,155.00,155.00,232.00,232.00,310.00,310.00,310.00
LIBRAMIENTO AGUASCALIENTES,CHICHIMECO,85.00,85.00,85.00,127.00,127.00,169.00,169.00,169.00
LIBRAMIENTO AGUASCALIENTES,CHICHIMECO,70.00,70.00,70.00,105.00,105.00,141.00,141.00,141.00
,NOMBRE,T2,T3,T4,T5,T6,T7,T8,T9
CD. CUAUHTEMOC-OSIRIS,ZACATECAS,64.00,64.00,89.00,89.00,115.00,115.00,115.00,115.00
ZAPOTLANEJO-LAGOS DE MORENO,JALOSTOTITLAN,329.00,329.00,329.00,502.00,502.00,670.00,670.00,670.00
ZAPOTLANEJO-LAGOS DE MORENO,JALOSTOTITLAN,182.00,182.00,182.00,309.00,309.00,393.00,393.00,393.00
ZAPOTLANEJO-LAGOS DE MORENO,JALOSTOTITLAN,147.00,147.00,147.00,193.00,193.00,277.00,277.00,277.00
ZAPOTLANEJO-LAGOS DE MORENO,JALOSTOTITLAN,110.00,110.00,110.00,175.00,175.00,221.00,221.00,221.00
ZAPOTLANEJO-LAGOS DE MORENO,JALOSTOTITLAN,52.00,52.00,52.00,85.00,85.00,98.00,98.00,98.00
ZAPOTLANEJO-LAGOS DE MORENO,TEPATITLAN,368.00,368.00,368.00,638.00,638.00,806.00,806.00,806.00
ZAPOTLANEJO-LAGOS DE MORENO,TEPATITLAN,304.00,304.00,304.00,556.00,556.00,703.00,703.00,703.00
ZAPOTLANEJO-LAGOS DE MORENO,TEPATITLAN,340.00,340.00,340.00,517.00,517.00,628.00,628.00,628.00
ZAPOTLANEJO-LAGOS DE MORENO,TEPATITLAN,263.00,263.00,263.00,422.00,422.00,516.00,516.00,516.00
ZAPOTLANEJO-LAGOS DE MORENO,TEPATITLAN,229.00,229.00,229.00,425.00,425.00,540.00,540.00,540.00
ZAPOTLANEJO-LAGOS DE MORENO,TEPATITLAN,124.00,124.00,124.00,209.00,209.00,250.00,250.00,250.00
ZAPOTLANEJO-LAGOS DE MORENO,TEPATITLAN,199.00,199.00,199.00,340.00,340.00,413.00,413.00,413.00
ZAPOTLANEJO-LAGOS DE MORENO,TEPATITLAN,158.00,158.00,158.00,206.00,206.00,226.00,226.00,226.00
ZAPOTLANEJO-LAGOS DE MORENO,TEPATITLAN,94.00,94.00,94.00,124.00,124.00,123.00,123.00,123.00
ZAPOTLANEJO-LAGOS DE MORENO,TEPATITLAN,64.00,64.00,64.00,82.00,82.00,103.00,103.00,103.00
LAGOS DE MORENO-SAN LUIS POTOSÍ,LAGOS DE MORENO,273.00,273.00,273.00,403.00,403.00,563.00,563.00,563.00
VENTURA-EL PEYOTE,VENTURA-EL PEYOTE,202.00,202.00,202.00,312.00,312.00,485.00,485.00,485.00
LIBRAMIENTO ARCO NORTE SAN LUIS POTOS,LIB. ARCO NORTE S.L.P.,163.00,163.00,163.00,266.00,266.00,416.00,416.00,416.00
LIBRAMIENTO PONIENTE SAN LUIS POTOSI,LIB. PTE. S.L.P.,140.00,140.00,140.00,227.00,227.00,351.00,351.00,351.00
LIBRAMIENTO PONIENTE SAN LUIS POTOSI,LIB. PTE. S.L.P.,96.00,96.00,96.00,156.00,156.00,239.00,239.00,239.00
LIBRAMIENTO PONIENTE SAN LUIS POTOSI,LIB. PTE. S.L.P.,48.00,48.00,48.00,77.00,77.00,119.00,119.00,119.00
LIBRAMIENTO ORIENTE SAN LUIS POTOSI,LIB. OTE. S.L.P.,177.00,177.00,177.00,285.00,285.00,444.00,444.00,444.00
LIBRAMIENTO ORIENTE SAN LUIS POTOSI,LIB. OTE. S.L.P.,55.00,55.00,55.00,88.00,88.00,138.00,138.00,138.00
LIBRAMIENTO NORESTE QUERETARO,CHICHIMEQUILLAS,102.00,102.00,102.00,110.00,110.00,151.00,151.00,151.00
SAN LUIS POTOSÍ-RIOVERDE,CERRITOS (SAN LUIS-RIO VERDE),348.00,447.00,447.00,447.00,447.00,794.00,794.00,794.00
SAN LUIS POTOSÍ-RIOVERDE,CERRITOS (RIO VERDE-CEMOSA-RIO VERDE),260.00,335.00,335.00,335.00,335.00,597.00,597.00,597.00
SAN LUIS POTOSÍ-RIOVERDE,CERRITOS (CHARCO BLANCO- RIO VERDE- CHAR,242.00,309.00,309.00,309.00,309.00,553.00,553.00,553.00
SAN LUIS POTOSÍ-RIOVERDE,CERRITOS (CERRITOS-RIO VERDE),236.00,299.00,299.00,299.00,299.00,541.00,541.00,541.00
SAN LUIS POTOSÍ-RIOVERDE,CERRITOS (SAN LUIS-CERRITOS-SAN LUIS),112.00,147.00,147.00,147.00,147.00,254.00,254.00,254.00
SAN LUIS POTOSÍ-RIOVERDE,CERRITOS (SLP - CHARCO BLANCO - SLP),107.00,137.00,137.00,137.00,137.00,242.00,242.00,242.00
SAN LUIS POTOSÍ-RIOVERDE,CERRITOS (CERRITOS-CEMOSA),24.00,30.00,30.00,30.00,30.00,54.00,54.00,54.00
SAN LUIS POTOSÍ-RIOVERDE,CERRITOS (CHARCO BLANCO-CEMOSA),17.00,21.00,21.00,21.00,21.00,40.00,40.00,40.00
SAN LUIS POTOSÍ-RIOVERDE,CERRITOS (CHARCO BLANCO-CERRITOS-CHARCO,6.00,8.00,8.00,8.00,8.00,16.00,16.00,16.00
SAN LUIS POTOSÍ-RIOVERDE,CEMOSA (RIO VERDE-CEMOSA-RIO VERDE),260.00,335.00,335.00,335.00,335.00,597.00,597.00,597.00
SAN LUIS POTOSÍ-RIOVERDE,CEMOSA (CEMOSA-SAN LUIS-CEMOSA),87.00,110.00,110.00,110.00,110.00,199.00,199.00,199.00
SAN LUIS POTOSÍ-RIOVERDE,CEMOSA (CEMOSA-CERRITOS),24.00,30.00,30.00,30.00,30.00,54.00,54.00,54.00
SAN LUIS POTOSÍ-RIOVERDE,CEMOSA (CEMOSA-CHARCO BLANCO),17.00,21.00,21.00,21.00,21.00,40.00,40.00,40.00
CIUDAD VALLES-TAMUÍN,LA CALERA,221.00,221.00,221.00,342.00,342.00,417.00,417.00,417.00
CIUDAD VALLES-TAMUÍN,LA CALERA,129.00,129.00,129.00,202.00,202.00,244.00,244.00,244.00
CIUDAD VALLES-TAMUÍN,LA CALERA,92.00,92.00,92.00,140.00,140.00,173.00,173.00,173.00
MÉXICO-LA MARQUESA,SANTA FE,-,-,-,-,-,-,-,-
MÉXICO-LA MARQUESA,MARQUESA VIAPASS,222.00,222.00,222.00,334.00,334.00,444.00,444.00,444.00
MÉXICO-LA MARQUESA,MARQUESA VIAPASS,111.00,111.00,111.00,166.00,166.00,222.00,222.00,222.00
LA MARQUESA-LERMA,MARQUESA T2,144.00,144.00,144.00,216.00,216.00,287.00,287.00,287.00
TENANGO - IXTAPAN,LA FINCA,95.00,138.00,197.00,233.00,273.00,310.00,358.00,382.00
TENANGO - IXTAPAN,LA FINCA,46.00,72.00,101.00,118.00,139.00,158.00,183.00,195.00
TENANGO - IXTAPAN,VILLA GUERRERO,65.00,96.00,131.00,168.00,210.00,248.00,281.00,322.00
TENANGO - IXTAPAN,TENANGO,53.00,76.00,105.00,134.00,170.00,199.00,225.00,257.00
LERMA-SANTIAGO,CHAPULTEPEC,107.00,161.00,215.00,215.00,215.00,215.00,215.00,215.00
LERMA-SANTIAGO,RAYÓN,97.00,141.00,188.00,188.00,188.00,188.00,188.00,188.00
LERMA-SANTIAGO,RAYÓN,99.00,148.00,198.00,198.00,198.00,198.00,198.00,198.00
LERMA-SANTIAGO,RAYÓN,81.00,121.00,161.00,161.00,161.00,161.00,161.00,161.00
LIBRAMIENTO TOLUCA,XONACATLAN,215.00,215.00,429.00,429.00,429.00,429.00,429.00,429.00
LIBRAMIENTO TOLUCA,XONACATLAN,135.00,135.00,269.00,269.00,269.00,269.00,269.00,269.00
LIBRAMIENTO TOLUCA,XONACATLAN,80.00,80.00,160.00,160.00,160.00,160.00,160.00,160.00
TOLUCA-ZITACUARO RAMAL A VALLE DE BRA,LA HORTALIZA,355.00,355.00,355.00,532.00,532.00,710.00,710.00,710.00
TOLUCA-ZITACUARO RAMAL A VALLE DE BRA,LA HORTALIZA,262.00,262.00,262.00,393.00,393.00,523.00,523.00,523.00
TOLUCA-ZITACUARO RAMAL A VALLE DE BRA,LA HORTALIZA,93.00,93.00,93.00,140.00,140.00,186.00,186.00,186.00
TOLUCA-ZITACUARO RAMAL A VALLE DE BRA,VALLE DE BRAVO,265.00,265.00,265.00,398.00,398.00,530.00,530.00,530.00
TOLUCA-ZITACUARO RAMAL A VALLE DE BRA,MONUMENTO,132.00,132.00,132.00,198.00,198.00,264.00,264.00,264.00
ZITACUARO-LENGUA DE VACA,ZITACUARO VIAPASS,111.00,111.00,111.00,166.00,166.00,221.00,221.00,221.00
TOLUCA-ATLACOMULCO,EL DORADO,81.00,140.00,191.00,247.00,306.00,342.00,380.00,449.00
TOLUCA-ATLACOMULCO,ATLACOMULCO SUR,81.00,140.00,191.00,247.00,306.00,342.00,380.00,449.00
ATLACOMULCO-MARAVATIO,ATLACOMULCO BANOBRAS,141.00,141.00,141.00,217.00,217.00,275.00,275.00,275.00
,NOMBRE,T2,T3,T4,T5,T6,T7,T8,T9
ATLACOMULCO-MARAVATIO,CONTEPEC,141.00,141.00,141.00,217.00,217.00,275.00,275.00,275.00
MARAVATIO-ZAPOTLANEJO,ZINAPECUARO,351.00,351.00,351.00,476.00,476.00,567.00,567.00,567.00
MARAVATIO-ZAPOTLANEJO,ZINAPECUARO,177.00,177.00,177.00,241.00,241.00,285.00,285.00,285.00
MARAVATIO-ZAPOTLANEJO,ZINAPECUARO,174.00,174.00,174.00,234.00,234.00,282.00,282.00,282.00
MARAVATIO-ZAPOTLANEJO,ZINAPECUARO,97.00,97.00,97.00,137.00,137.00,166.00,166.00,166.00
MARAVATIO-ZAPOTLANEJO,ZINAPECUARO,33.00,33.00,33.00,47.00,47.00,55.00,55.00,55.00
MARAVATIO-ZAPOTLANEJO,PANINDICUARO,463.00,463.00,463.00,666.00,666.00,777.00,777.00,777.00
MARAVATIO-ZAPOTLANEJO,PANINDICUARO,297.00,297.00,297.00,423.00,423.00,486.00,486.00,486.00
MARAVATIO-ZAPOTLANEJO,PANINDICUARO,179.00,179.00,179.00,247.00,247.00,276.00,276.00,276.00
MARAVATIO-ZAPOTLANEJO,PANINDICUARO,166.00,166.00,166.00,244.00,244.00,291.00,291.00,291.00
MARAVATIO-ZAPOTLANEJO,ECUANDUREO,245.00,245.00,245.00,351.00,351.00,417.00,417.00,417.00
MARAVATIO-ZAPOTLANEJO,ECUANDUREO,160.00,160.00,160.00,229.00,229.00,273.00,273.00,273.00
MARAVATIO-ZAPOTLANEJO,ECUANDUREO,59.00,59.00,59.00,83.00,83.00,96.00,96.00,96.00
MARAVATIO-ZAPOTLANEJO,ECUANDUREO,56.00,56.00,56.00,80.00,80.00,103.00,103.00,103.00
MARAVATIO-ZAPOTLANEJO,OCOTLAN,440.00,440.00,440.00,674.00,674.00,839.00,839.00,839.00
MARAVATIO-ZAPOTLANEJO,OCOTLAN,392.00,392.00,392.00,603.00,603.00,732.00,732.00,732.00
MARAVATIO-ZAPOTLANEJO,OCOTLAN,328.00,328.00,328.00,521.00,521.00,629.00,629.00,629.00
MARAVATIO-ZAPOTLANEJO,OCOTLAN,321.00,321.00,321.00,524.00,524.00,668.00,668.00,668.00
MARAVATIO-ZAPOTLANEJO,OCOTLAN,335.00,335.00,335.00,458.00,458.00,549.00,549.00,549.00
MARAVATIO-ZAPOTLANEJO,OCOTLAN,335.00,335.00,335.00,458.00,458.00,549.00,549.00,549.00
MARAVATIO-ZAPOTLANEJO,OCOTLAN,253.00,253.00,253.00,390.00,390.00,466.00,466.00,466.00
MARAVATIO-ZAPOTLANEJO,OCOTLAN,216.00,216.00,216.00,308.00,308.00,378.00,378.00,378.00
MARAVATIO-ZAPOTLANEJO,OCOTLAN,216.00,216.00,216.00,308.00,308.00,378.00,378.00,378.00
MARAVATIO-ZAPOTLANEJO,OCOTLAN,230.00,230.00,230.00,242.00,242.00,259.00,259.00,259.00
MARAVATIO-ZAPOTLANEJO,OCOTLAN,129.00,129.00,129.00,181.00,181.00,216.00,216.00,216.00
MARAVATIO-ZAPOTLANEJO,OCOTLAN,119.00,119.00,119.00,149.00,149.00,171.00,171.00,171.00
MARAVATIO-ZAPOTLANEJO,OCOTLAN,111.00,111.00,111.00,92.00,92.00,88.00,88.00,88.00
ECUANDUREO-LA BARCA,ZAMORA,250.00,250.00,250.00,364.00,364.00,452.00,452.00,452.00
PUENTE NACIONAL LA PIEDAD,LA PIEDAD,23.00,23.00,35.00,35.00,54.00,54.00,54.00,54.00
LIBRAMIENTO LA PIEDAD,LIB. LA PIEDAD,106.00,106.00,106.00,169.00,169.00,212.00,212.00,212.00
LIBRAMIENTO LA PIEDAD,LIB. LA PIEDAD,103.00,103.00,103.00,155.00,155.00,201.00,201.00,201.00
LIBRAMIENTO LA PIEDAD,LIB. LA PIEDAD,37.00,37.00,37.00,56.00,56.00,74.00,74.00,74.00
MORELIA-AEROPUERTO,MORELIA VIAPASS,162.00,162.00,162.00,244.00,244.00,325.00,325.00,325.00
MORELIA-AEROPUERTO,AEROPUERTO MORELIA,49.00,49.00,49.00,73.00,73.00,98.00,98.00,98.00
LIBRAMIENTO MORELIA,CAPULA,215.00,215.00,215.00,322.00,322.00,431.00,431.00,431.00
LIBRAMIENTO MORELIA,CHAPULTEPEC MORELIA,184.00,184.00,184.00,276.00,276.00,368.00,368.00,368.00
PATZCUARO-URUAPAN,ZIRAHUEN,273.00,273.00,273.00,414.00,414.00,571.00,571.00,571.00
PATZCUARO-URUAPAN,AUX. ZIRAHUEN,180.00,180.00,180.00,258.00,258.00,356.00,356.00,356.00
PATZCUARO-URUAPAN,SN ANGEL ZURUMUCAPIO,72.00,72.00,72.00,114.00,114.00,154.00,154.00,154.00
URUAPAN-NUEVA ITALIA,TARETAN,143.00,143.00,143.00,225.00,225.00,299.00,299.00,299.00
URUAPAN-NUEVA ITALIA,TARETAN,114.00,114.00,114.00,159.00,159.00,226.00,226.00,226.00
URUAPAN-NUEVA ITALIA,TARETAN,28.00,28.00,28.00,67.00,67.00,76.00,76.00,76.00
URUAPAN-NUEVA ITALIA,SANTA CASILDA,145.00,145.00,145.00,225.00,225.00,298.00,298.00,298.00
URUAPAN-NUEVA ITALIA,SANTA CASILDA,114.00,114.00,114.00,159.00,159.00,225.00,225.00,225.00
URUAPAN-NUEVA ITALIA,SANTA CASILDA,30.00,30.00,30.00,67.00,67.00,75.00,75.00,75.00
NUEVA ITALIA - LÁZARO CÁRDENAS,LAS CAÑAS,287.00,287.00,287.00,429.00,429.00,571.00,571.00,571.00
NUEVA ITALIA - LÁZARO CÁRDENAS,FELICIANO,429.00,429.00,429.00,642.00,642.00,856.00,856.00,856.00
NUEVA ITALIA - LÁZARO CÁRDENAS,FELICIANO,287.00,287.00,287.00,429.00,429.00,571.00,571.00,571.00
NUEVA ITALIA - LÁZARO CÁRDENAS,FELICIANO,145.00,145.00,145.00,216.00,216.00,286.00,286.00,286.00
MÉXICO-CUERNAVACA,TLALPAN,273.00,273.00,273.00,467.00,467.00,682.00,682.00,682.00
MÉXICO-CUERNAVACA,TRES MARIAS,117.00,117.00,117.00,230.00,230.00,333.00,333.00,333.00
LA PERA A - CUAUTLA A,TEPOZTLAN BIS,35.00,35.00,35.00,55.00,55.00,82.00,82.00,82.00
LA PERA A - CUAUTLA A,TEPOZTLÁN,142.00,142.00,142.00,232.00,232.00,341.00,341.00,341.00
LA PERA A - CUAUTLA A,TEPOZTLÁN,109.00,109.00,109.00,178.00,178.00,264.00,264.00,264.00
LA PERA A - CUAUTLA A,TEPOZTLÁN,105.00,105.00,105.00,172.00,172.00,255.00,255.00,255.00
LA PERA A - CUAUTLA A,TEPOZTLÁN,89.00,89.00,89.00,146.00,146.00,213.00,213.00,213.00
LA PERA A - CUAUTLA A,TEPOZTLÁN,71.00,71.00,71.00,118.00,118.00,173.00,173.00,173.00
LA PERA A - CUAUTLA A,TEPOZTLÁN,52.00,52.00,52.00,88.00,88.00,126.00,126.00,126.00
LA PERA A - CUAUTLA A,TEPOZTLÁN,36.00,36.00,36.00,57.00,57.00,85.00,85.00,85.00
LA PERA A - CUAUTLA A,OACALCO,53.00,53.00,53.00,89.00,89.00,128.00,128.00,128.00
LA PERA A - CUAUTLA A,OACALCO,52.00,52.00,52.00,88.00,88.00,126.00,126.00,126.00
LA PERA A - CUAUTLA A,OACALCO,20.00,20.00,20.00,35.00,35.00,51.00,51.00,51.00
LA PERA A - CUAUTLA A,OACALCO,89.00,89.00,89.00,146.00,146.00,213.00,213.00,213.00
LA PERA A - CUAUTLA A,OAXTEPEC,142.00,142.00,142.00,232.00,232.00,341.00,341.00,341.00
LA PERA A - CUAUTLA A,OAXTEPEC,109.00,109.00,109.00,178.00,178.00,264.00,264.00,264.00
,NOMBRE,T2,T3,T4,T5,T6,T7,T8,T9
LA PERA A - CUAUTLA A,OAXTEPEC,106.00,106.00,106.00,174.00,174.00,257.00,257.00,257.00
LA PERA A - CUAUTLA A,OAXTEPEC,73.00,73.00,73.00,122.00,122.00,179.00,179.00,179.00
LA PERA A - CUAUTLA A,OAXTEPEC,52.00,52.00,52.00,88.00,88.00,126.00,126.00,126.00
LA PERA A - CUAUTLA A,OAXTEPEC,20.00,20.00,20.00,35.00,35.00,51.00,51.00,51.00
CUERNAVACA-ACAPULCO,EMILIANO ZAPATA (CENTRAL DE ABASTOS),14.00,14.00,14.00,21.00,21.00,29.00,29.00,29.00
CUERNAVACA-ACAPULCO,AEROPUERTO,32.00,32.00,32.00,40.00,40.00,42.00,42.00,42.00
CUERNAVACA-ACAPULCO,XOCHITEPEC,39.00,39.00,39.00,45.00,45.00,48.00,48.00,48.00
CUERNAVACA-ACAPULCO,ALPUYECA,162.00,162.00,162.00,202.00,202.00,221.00,221.00,221.00
CUERNAVACA-ACAPULCO,ALPUYECA BALNEARIOS,111.00,111.00,111.00,140.00,140.00,157.00,157.00,157.00
CUERNAVACA-ACAPULCO,PASO MORELOS,410.00,410.00,410.00,539.00,539.00,597.00,597.00,597.00
CUERNAVACA-ACAPULCO,PASO MORELOS,245.00,245.00,245.00,327.00,327.00,331.00,331.00,331.00
CUERNAVACA-ACAPULCO,PASO MORELOS,165.00,165.00,165.00,214.00,214.00,198.00,198.00,198.00
CUERNAVACA-ACAPULCO,PALO BLANCO,239.00,239.00,239.00,315.00,315.00,352.00,352.00,352.00
CUERNAVACA-ACAPULCO,LA VENTA,224.00,224.00,224.00,306.00,306.00,342.00,342.00,342.00
LIBRAMIENTO PONIENTE DE ACAPULCO,LA VENTA BIS,94.00,94.00,94.00,119.00,119.00,134.00,134.00,134.00
ZACAPALCO-RANCHO VIEJO,ZACAPALCO,87.00,87.00,87.00,131.00,131.00,186.00,186.00,186.00
RANCHO VIEJO-TAXCO,TAXCO,34.00,34.00,57.00,57.00,70.00,70.00,70.00,70.00
PUENTE DE IXTLA-IGUALA,IGUALA,216.00,216.00,216.00,397.00,397.00,544.00,544.00,544.00
TÚNEL ACAPULCO,LAS CRUCES,557.00,557.00,557.00,557.00,557.00,557.00,557.00,557.00
MACROTÚNEL ACAPULCO,CAYACO,-,-,-,-,-,-,-,-
LIBRAMIENTO TECPAN,LIBRAMIENTO TECPAN,92.00,92.00,92.00,138.00,138.00,183.00,183.00,183.00
ZAPOTLANEJO-GUADALAJARA,ZAPOTLANEJO,263.00,263.00,263.00,422.00,422.00,516.00,516.00,516.00
ZAPOTLANEJO-GUADALAJARA,ZAPOTLANEJO,199.00,199.00,199.00,340.00,340.00,413.00,413.00,413.00
ZAPOTLANEJO-GUADALAJARA,ZAPOTLANEJO,335.00,335.00,335.00,458.00,458.00,549.00,549.00,549.00
ZAPOTLANEJO-GUADALAJARA,ZAPOTLANEJO,216.00,216.00,216.00,308.00,308.00,378.00,378.00,378.00
ZAPOTLANEJO-GUADALAJARA,ZAPOTLANEJO,124.00,124.00,124.00,209.00,209.00,250.00,250.00,250.00
ZAPOTLANEJO-GUADALAJARA,ZAPOTLANEJO,129.00,129.00,129.00,181.00,181.00,216.00,216.00,216.00
ZAPOTLANEJO-GUADALAJARA,ZAPOTLANEJO,105.00,105.00,105.00,216.00,216.00,290.00,290.00,290.00
ZAPOTLANEJO-GUADALAJARA,ZAPOTLANEJO,120.00,120.00,120.00,164.00,164.00,196.00,196.00,196.00
ZAPOTLANEJO-GUADALAJARA,ZAPOTLANEJO (EL VADO),61.00,61.00,61.00,124.00,124.00,165.00,165.00,165.00
ZAPOTLANEJO-GUADALAJARA,ZAPOTLANEJO (EL CORTIJO),38.00,38.00,38.00,80.00,80.00,105.00,105.00,105.00
ZAPOTLANEJO-GUADALAJARA,ZAPOTLANEJO (PERIFÉRICO),35.00,35.00,35.00,71.00,71.00,95.00,95.00,95.00
ZAPOTLANEJO-GUADALAJARA,ZAPOTLANEJO (ARROYO DE EN MEDIO),23.00,23.00,23.00,49.00,49.00,64.00,64.00,64.00
LIBRAMIENTO SUR DE GUADALAJARA,LIB. SUR DE GUADALAJARA,113.00,113.00,113.00,175.00,175.00,190.00,190.00,190.00
LIBRAMIENTO SUR DE GUADALAJARA,LIB. SUR DE GUADALAJARA,12.00,12.00,12.00,19.00,19.00,19.00,19.00,19.00
LIBRAMIENTO SUR DE GUADALAJARA,CHAPALA,141.00,141.00,141.00,217.00,217.00,244.00,244.00,244.00
LIBRAMIENTO SUR DE GUADALAJARA,SANTA CECILIA,356.00,356.00,356.00,539.00,539.00,596.00,596.00,596.00
LIBRAMIENTO SUR DE GUADALAJARA,SANTA CECILIA,267.00,267.00,267.00,416.00,416.00,457.00,457.00,457.00
LIBRAMIENTO SUR DE GUADALAJARA,SANTA CECILIA,13.00,13.00,13.00,39.00,39.00,43.00,43.00,43.00
GUADALAJARA-COLIMA,ACATLAN II,171.00,171.00,171.00,285.00,285.00,377.00,377.00,377.00
GUADALAJARA-COLIMA,SAYULA,132.00,132.00,132.00,213.00,213.00,286.00,286.00,286.00
GUADALAJARA-COLIMA,SAYULA REMOTA,54.00,54.00,54.00,110.00,110.00,139.00,139.00,139.00
GUADALAJARA-COLIMA,SAN MARCOS II,302.00,302.00,302.00,499.00,499.00,662.00,662.00,662.00
ARMERÍA-MANZANILLO,ARMERIA,392.00,483.00,590.00,662.00,803.00,909.00,1002.00,1047.00
GUADALAJARA-TEPIC,ARENAL,254.00,254.00,254.00,377.00,377.00,414.00,414.00,414.00
GUADALAJARA-TEPIC,ARENAL,57.00,57.00,57.00,75.00,75.00,82.00,82.00,82.00
GUADALAJARA-TEPIC,PLAN DE BARRANCAS,337.00,337.00,337.00,544.00,544.00,613.00,613.00,613.00
GUADALAJARA-TEPIC,STA. MA. DEL ORO,244.00,244.00,244.00,373.00,373.00,410.00,410.00,410.00
GUADALAJARA-TEPIC,STA. MA. DEL ORO,123.00,123.00,123.00,184.00,184.00,210.00,210.00,210.00
GUADALAJARA-TEPIC,STA. MA. DEL ORO,118.00,118.00,118.00,187.00,187.00,201.00,201.00,201.00
LIBRAMIENTO TEPIC,LA CANTERA,118.00,118.00,118.00,184.00,184.00,203.00,203.00,203.00
TEPIC-SAN BLAS,SAN BLAS,226.00,226.00,226.00,339.00,339.00,451.00,451.00,451.00
TEPIC-SAN BLAS,SAN BLAS,147.00,147.00,147.00,221.00,221.00,295.00,295.00,295.00
LAS VARAS- PUERTO VALLARTA,LA PEÑITA,356.00,356.00,356.00,450.00,450.00,601.00,601.00,601.00
LAS VARAS- PUERTO VALLARTA,LA PEÑITA,235.00,235.00,235.00,298.00,298.00,397.00,397.00,397.00
LAS VARAS- PUERTO VALLARTA,LA PEÑITA,139.00,139.00,139.00,176.00,176.00,235.00,235.00,235.00
LAS VARAS- PUERTO VALLARTA,BUCERÍAS AUX. 1,472.00,472.00,472.00,597.00,597.00,798.00,798.00,798.00
LAS VARAS- PUERTO VALLARTA,BUCERÍAS AUX. 2,472.00,472.00,472.00,597.00,597.00,798.00,798.00,798.00
LAS VARAS- PUERTO VALLARTA,VALLARTA,494.00,494.00,494.00,808.00,808.00,971.00,971.00,971.00
LAS VARAS- PUERTO VALLARTA,VALLARTA,966.00,966.00,966.00,1405.00,1405.00,1769.00,1769.00,1769.00
CHAPALILLA-COMPOSTELA,COMPOSTELA,81.00,81.00,156.00,156.00,216.00,216.00,216.00,216.00
JALA-COMPOSTELA,AMADO NERVO,248.00,248.00,465.00,465.00,643.00,643.00,643.00,643.00
JALA-COMPOSTELA,AMADO NERVO,199.00,199.00,374.00,374.00,517.00,517.00,517.00,517.00
JALA-COMPOSTELA,AMADO NERVO,75.00,75.00,139.00,139.00,190.00,190.00,190.00,190.00
JALA-COMPOSTELA,COMPOSTELA,124.00,124.00,235.00,235.00,327.00,327.00,327.00,327.00
,NOMBRE,T2,T3,T4,T5,T6,T7,T8,T9
TEPIC-MAZATLÁN,TRAPICHILLO BIS,55.00,55.00,55.00,90.00,90.00,125.00,125.00,125.00
TEPIC-MAZATLÁN,TRAPICHILLO,230.00,230.00,230.00,400.00,400.00,570.00,570.00,570.00
TEPIC-MAZATLÁN,YAGO,110.00,110.00,110.00,195.00,195.00,250.00,250.00,250.00
TEPIC-MAZATLÁN,ESTACION RUIZ,320.00,320.00,320.00,550.00,550.00,740.00,740.00,740.00
TEPIC-MAZATLÁN,ESTACION RUIZ,125.00,125.00,125.00,195.00,195.00,270.00,270.00,270.00
TEPIC-MAZATLÁN,ACAPONETA,690.00,690.00,690.00,1160.00,1160.00,1590.00,1590.00,1590.00
TEPIC-MAZATLÁN,ACAPONETA,345.00,345.00,345.00,580.00,580.00,795.00,795.00,795.00
TEPIC-MAZATLÁN,ROSARIO,390.00,390.00,390.00,590.00,590.00,720.00,720.00,720.00
TEPIC-MAZATLÁN,ROSARIO,195.00,195.00,195.00,295.00,295.00,360.00,360.00,360.00
LIBRAMIENTO MAZATLÁN,VAINILLO,122.00,122.00,122.00,138.00,138.00,175.00,175.00,175.00
LIBRAMIENTO MAZATLÁN,VAINILLO,108.00,108.00,108.00,116.00,116.00,148.00,148.00,148.00
LIBRAMIENTO MAZATLÁN,VAINILLO,44.00,44.00,44.00,52.00,52.00,65.00,65.00,65.00
MAZATLÁN-CULIACAN,MARMOL,346.00,346.00,346.00,386.00,386.00,504.00,504.00,504.00
MAZATLÁN-CULIACAN,COSTA RICA,368.00,368.00,368.00,418.00,418.00,525.00,525.00,525.00
MAZATLÁN-CULIACAN,QUILA,368.00,368.00,368.00,418.00,418.00,525.00,525.00,525.00
MAZATLÁN-CULIACAN,QUILA,275.00,275.00,275.00,286.00,286.00,387.00,387.00,387.00
MAZATLÁN-CULIACAN,QUILA,93.00,93.00,93.00,132.00,132.00,138.00,138.00,138.00
LIBRAMIENTO CULIACAN,SAN PEDRO,87.00,87.00,87.00,97.00,97.00,126.00,126.00,126.00
PUENTE NACIONAL CULIACAN,CULIACAN,47.00,47.00,100.00,100.00,146.00,146.00,146.00,146.00
PUENTE NACIONAL SINALOA,SINALOA,47.00,47.00,100.00,100.00,146.00,146.00,146.00,146.00
LIBRAMIENTO CIUDAD OBREGON,ESPERANZA-HORNOS,410.00,410.00,410.00,614.00,614.00,708.00,708.00,708.00
LIBRAMIENTO CIUDAD OBREGON,ESPERANZA-HORNOS,253.00,253.00,253.00,380.00,380.00,438.00,438.00,438.00
ESTACION DON - NOGALES,ESTACION DON,174.00,174.00,174.00,262.00,262.00,301.00,301.00,301.00
ESTACION DON - NOGALES,FUNDICIÓN,174.00,174.00,174.00,262.00,262.00,301.00,301.00,301.00
ESTACION DON - NOGALES,ESPERANZA,174.00,174.00,174.00,262.00,262.00,301.00,301.00,301.00
ESTACION DON - NOGALES,GUAYMAS,98.00,98.00,98.00,143.00,143.00,171.00,171.00,171.00
ESTACION DON - NOGALES,HERMOSILLO,174.00,174.00,174.00,262.00,262.00,314.00,314.00,314.00
ESTACION DON - NOGALES,MAGDALENA,58.00,58.00,58.00,90.00,90.00,116.00,116.00,116.00
LIBRAMIENTO HERMOSILLO,SAHUARIPA,163.00,163.00,163.00,244.00,244.00,281.00,281.00,281.00
LIBRAMIENTO HERMOSILLO,SAHUARIPA,331.00,331.00,331.00,497.00,497.00,573.00,573.00,573.00
LIBRAMIENTO HERMOSILLO,SAHUARIPA,169.00,169.00,169.00,253.00,253.00,291.00,291.00,291.00
DURANGO-MAZATLÁN,MESILLAS,397.00,397.00,586.00,586.00,802.00,802.00,802.00,802.00
DURANGO-MAZATLÁN,MESILLAS,300.00,300.00,435.00,435.00,585.00,585.00,585.00,585.00
DURANGO-MAZATLÁN,MESILLAS,100.00,100.00,151.00,151.00,217.00,217.00,217.00,217.00
DURANGO-MAZATLÁN,COSCOMATE,756.00,756.00,1112.00,1112.00,1524.00,1524.00,1524.00,1524.00
DURANGO-MAZATLÁN,LLANO GRANDE,239.00,239.00,353.00,353.00,482.00,482.00,482.00,482.00
DURANGO-MAZATLÁN,DURANGO CAPUFE,161.00,161.00,234.00,234.00,322.00,322.00,322.00,322.00
DURANGO-YERBANIS,DURANGO,262.00,341.00,341.00,500.00,500.00,665.00,665.00,665.00
YERBANIS-GOMEZ PALACIO,YERBANIS,301.00,392.00,392.00,574.00,574.00,765.00,765.00,765.00
YERBANIS-GOMEZ PALACIO,CUENCAME,280.00,380.00,380.00,541.00,541.00,689.00,689.00,689.00
YERBANIS-GOMEZ PALACIO,CUENCAME,171.00,235.00,235.00,336.00,336.00,396.00,396.00,396.00
YERBANIS-GOMEZ PALACIO,CUENCAME,109.00,145.00,145.00,205.00,205.00,293.00,293.00,293.00
YERBANIS-GOMEZ PALACIO,LEÓN GUZMÁN,425.00,545.00,545.00,801.00,801.00,1041.00,1041.00,1041.00
YERBANIS-GOMEZ PALACIO,LEÓN GUZMÁN,311.00,400.00,400.00,584.00,584.00,764.00,764.00,764.00
YERBANIS-GOMEZ PALACIO,LEÓN GUZMÁN,114.00,145.00,145.00,217.00,217.00,277.00,277.00,277.00
LIBRAMIENTO NORTE DE LA LAGUNA,SAN PEDRO TORREÓN,218.00,283.00,283.00,415.00,415.00,553.00,553.00,553.00
LIBRAMIENTO NORTE DE LA LAGUNA,SAN PEDRO TORREÓN,125.00,162.00,162.00,237.00,237.00,317.00,317.00,317.00
LIBRAMIENTO NORTE DE LA LAGUNA,SAN PEDRO TORREÓN,93.00,121.00,121.00,178.00,178.00,236.00,236.00,236.00
TORREON -SALTILLO,LA CUCHILLA,145.00,145.00,145.00,212.00,212.00,241.00,241.00,241.00
TORREON -SALTILLO,PLAN DE AYALA,245.00,245.00,245.00,337.00,337.00,382.00,382.00,382.00
GOMEZ PALACIO-CORRALITOS-AUTOPISTA U,BERMEJILLOS,196.00,196.00,196.00,330.00,330.00,379.00,379.00,379.00
GOMEZ PALACIO-CORRALITOS-AUTOPISTA U,CEBALLOS,209.00,209.00,209.00,337.00,337.00,369.00,369.00,369.00
LIBRAMIENTO ORIENTE DE CHIHUAHUA,SACRAMENTO,74.00,74.00,74.00,123.00,123.00,151.00,151.00,151.00
LIBRAMIENTO ORIENTE DE CHIHUAHUA,JIMENEZ,74.00,74.00,74.00,123.00,123.00,149.00,149.00,149.00
MONTERREY-SALTILLO Y LIBRAMIENTO,TORREÓN,149.00,149.00,149.00,265.00,265.00,275.00,275.00,275.00
MONTERREY-SALTILLO Y LIBRAMIENTO,TORREÓN,102.00,102.00,102.00,181.00,181.00,186.00,186.00,186.00
MONTERREY-SALTILLO Y LIBRAMIENTO,TORREÓN,47.00,47.00,47.00,84.00,84.00,89.00,89.00,89.00
MONTERREY-SALTILLO Y LIBRAMIENTO,OJO CALIENTE,118.00,118.00,118.00,221.00,221.00,230.00,230.00,230.00
MONTERREY-SALTILLO Y LIBRAMIENTO,OJO CALIENTE,67.00,67.00,67.00,129.00,129.00,133.00,133.00,133.00
MONTERREY-SALTILLO Y LIBRAMIENTO,OJO CALIENTE,51.00,51.00,51.00,92.00,92.00,97.00,97.00,97.00
MONTERREY-SALTILLO Y LIBRAMIENTO,PERIFERICO,294.00,294.00,294.00,532.00,532.00,555.00,555.00,555.00
MONTERREY-SALTILLO Y LIBRAMIENTO,PERIFERICO,178.00,178.00,178.00,322.00,322.00,335.00,335.00,335.00
MONTERREY-SALTILLO Y LIBRAMIENTO NOR,APLETRIILFLEORICO,116.00,116.00,116.00,210.00,210.00,220.00,220.00,220.00
LIBRAMIENTO ORIENTE DE SALTILLO,LA CARBONERA,-,-,-,-,-,-,-,-
LA CARBONERA-PUERTO MEXICO,LOS CHORROS,179.00,179.00,179.00,279.00,279.00,347.00,347.00,347.00
,NOMBRE,T2,T3,T4,T5,T6,T7,T8,T9
LA CARBONERA-PUERTO MEXICO,HUACHICHIL,162.00,162.00,162.00,219.00,219.00,276.00,276.00,276.00
LIBRAMIENTO MATEHUALA,LIBRAMIENTO MATEHUALA,70.00,70.00,70.00,132.00,132.00,195.00,195.00,195.00
PERIFÉRICO DEL ÁREA METROPOLITANA DE,YLINCOLN,236.00,236.00,236.00,573.00,573.00,1377.00,1377.00,1377.00
PERIFÉRICO DEL ÁREA METROPOLITANA DE,YLINCOLN,150.00,150.00,150.00,350.00,350.00,835.00,835.00,835.00
PERIFÉRICO DEL ÁREA METROPOLITANA DE,YLINCOLN,101.00,101.00,101.00,229.00,229.00,539.00,539.00,539.00
PERIFÉRICO DEL ÁREA METROPOLITANA DE,YLINCOLN,72.00,72.00,72.00,169.00,169.00,396.00,396.00,396.00
PERIFÉRICO DEL ÁREA METROPOLITANA DE,YLINCOLN,45.00,45.00,45.00,108.00,108.00,256.00,256.00,256.00
PERIFÉRICO DEL ÁREA METROPOLITANA DE,YAPODACA,218.00,218.00,218.00,535.00,535.00,971.00,971.00,971.00
PERIFÉRICO DEL ÁREA METROPOLITANA DE,YAPODACA,134.00,134.00,134.00,331.00,331.00,583.00,583.00,583.00
PERIFÉRICO DEL ÁREA METROPOLITANA DE,YAPODACA,90.00,90.00,90.00,212.00,212.00,386.00,386.00,386.00
PERIFÉRICO DEL ÁREA METROPOLITANA DE,YJUÁREZ,201.00,201.00,201.00,496.00,496.00,1040.00,1040.00,1040.00
PERIFÉRICO DEL ÁREA METROPOLITANA DE,YJUÁREZ,50.00,50.00,50.00,50.00,50.00,50.00,50.00,50.00
MONTERREY-CADEREYTA,CADEREYTA,159.00,159.00,159.00,307.00,307.00,382.00,457.00,526.00
MONTERREY-CADEREYTA,GUADALUPE,162.00,162.00,162.00,310.00,310.00,388.00,464.00,538.00
MONTERREY-CADEREYTA,GUADALUPE,119.00,119.00,119.00,235.00,235.00,287.00,342.00,400.00
PUENTE CADEREYTA,CADEREYTA,20.00,20.00,28.00,28.00,37.00,37.00,37.00,37.00
AGUJITA-ALLENDE,AGUJITA-ALLENDE,230.00,230.00,230.00,325.00,325.00,360.00,360.00,360.00
PUENTE ACUÑA,ACUÑA,65.00,65.00,65.00,65.00,65.00,65.00,65.00,65.00
MONTERREY-NUEVO LAREDO,SABINAS,440.00,440.00,440.00,600.00,600.00,689.00,689.00,689.00
MONTERREY-NUEVO LAREDO,AGUALEGUAS,179.00,179.00,179.00,223.00,223.00,256.00,256.00,256.00
MONTERREY-NUEVO LAREDO,PARÁS,244.00,244.00,244.00,328.00,328.00,374.00,374.00,374.00
MONTERREY-NUEVO LAREDO,PARÁS,199.00,199.00,199.00,276.00,276.00,314.00,314.00,314.00
MONTERREY-NUEV LAREDO (LA GLORIA-SAN,N)UEVO LAREDO PINFRA,181.00,181.00,181.00,245.00,245.00,279.00,279.00,279.00
CADEREYTA-REYNOSA,GENERAL BRAVO,427.00,427.00,427.00,639.00,639.00,708.00,708.00,708.00
CADEREYTA-REYNOSA,GENERAL BRAVO,198.00,198.00,198.00,301.00,301.00,314.00,314.00,314.00
CADEREYTA-REYNOSA,LOS HERRERA,250.00,250.00,250.00,381.00,381.00,405.00,405.00,405.00
CADEREYTA-REYNOSA,LOS HERRERA,178.00,178.00,178.00,256.00,256.00,307.00,307.00,307.00
CADEREYTA-REYNOSA,LOS RAMONES,318.00,318.00,318.00,495.00,495.00,530.00,530.00,530.00
CADEREYTA-REYNOSA,LOS RAMONES,115.00,115.00,115.00,145.00,145.00,179.00,179.00,179.00
CADEREYTA-REYNOSA,DR. COSS,232.00,232.00,232.00,339.00,339.00,394.00,394.00,394.00
LIBRAMIENTO SUR II DE REYNOSA,LUCIO BLANCO,74.00,74.00,74.00,112.00,112.00,115.00,115.00,115.00
LIBRAMIENTO SUR II DE REYNOSA,SAN FERNANDO,41.00,41.00,41.00,64.00,64.00,68.00,68.00,68.00
PTE. INTERNACIONAL NUEVO AMANECER (RE,ARRERY)NOSA PHAR,95.00,95.00,95.00,196.00,196.00,312.00,312.00,312.00
PUENTE INTERNACIONAL LOS TOMATES,"IGNACIO ZARAGOZA ""LOS TOMATES""",95.00,95.00,95.00,196.00,196.00,312.00,312.00,312.00
REYNOSA-MATAMOROS,NVO PROGRESO,181.00,181.00,181.00,267.00,267.00,348.00,348.00,348.00
REYNOSA-MATAMOROS,NVO PROGRESO,90.00,90.00,90.00,136.00,136.00,172.00,172.00,172.00
PUENTE JUAREZ LINCOLN,JUAREZ-LINCOLN,70.00,140.00,140.00,233.00,233.00,233.00,233.00,16.00
PUENTE MIGUEL ALEMAN,MIGUEL ALEMAN,65.00,65.00,65.00,65.00,65.00,65.00,65.00,16.00
PUENTE SAN JUAN,SAN JUAN,33.00,33.00,53.00,53.00,75.00,75.00,75.00,75.00
PUENTE CAMARGO,CAMARGO,65.00,65.00,65.00,65.00,65.00,65.00,65.00,65.00
PUENTE REYNOSA,REYNOSA,65.00,65.00,65.00,65.00,65.00,65.00,65.00,65.00
PUENTE LAS FLORES,LAS FLORES,65.00,65.00,65.00,65.00,65.00,65.00,65.00,65.00
PUENTE INTERNACIONAL OJINAGA,OJINAGA,58.00,58.00,58.00,58.00,58.00,58.00,58.00,58.00
PUENTE MATAMOROS,MATAMOROS,65.00,65.00,65.00,65.00,65.00,65.00,65.00,65.00
PUENTE PIEDRAS NEGRAS,PIEDRAS NEGRAS,65.00,65.00,65.00,65.00,65.00,65.00,65.00,65.00
LIBRAMIENTO MEXICALI,LIBRAMIENTO DE MEXICALI,199.00,199.00,199.00,287.00,287.00,338.00,338.00,338.00
LIBRAMIENTO MEXICALI,LIBRAMIENTO DE MEXICALI,57.00,57.00,57.00,88.00,88.00,96.00,96.00,96.00
LA RUMOROSA-TECATE,EL HONGO,101.00,101.00,166.00,166.00,234.00,234.00,234.00,234.00
LA RUMOROSA-TECATE,EL HONGO,184.00,184.00,330.00,330.00,476.00,476.00,476.00,476.00
TIJUANA-ENSENADA,TIJUANA,100.00,100.00,120.00,120.00,139.00,139.00,139.00,139.00
TIJUANA-ENSENADA,ROSARITO,100.00,100.00,120.00,120.00,139.00,139.00,139.00,139.00
TIJUANA-ENSENADA,NODO POPOTLA,86.00,86.00,103.00,103.00,119.00,119.00,119.00,119.00
